name,Rounds played,Cheese gathered,Cheese gathered first,Bootcamp,Mice saved,Mice saved (hard),Mice saved (divine),Cheese gathered as shaman,url
k,2341163,470735,111541,1310,8564171,7305387,15481,21384,https://cheese.formice.com/transformice/tribe/143
E N l G M A,33331043,14860328,4709571,587753,25391448,12855817,8385785,1359992,https://cheese.formice.com/transformice/tribe/917362
The Diamond Micehood,19552897,9315082,2056098,256316,13803473,6527488,2840774,618896,https://cheese.formice.com/transformice/tribe/11494
XXXXXXXXXXXX,26302119,10841944,2376684,352666,14072956,5139508,3975466,696314,https://cheese.formice.com/transformice/tribe/414108
it's R E A L,67426653,22031793,1963792,663964,15398562,5668142,3058724,826213,https://cheese.formice.com/transformice/tribe/946862
Treme nao bb,53481255,17612953,2747907,478314,14433707,5125496,3041857,829684,https://cheese.formice.com/transformice/tribe/1021239
I keep my promises kid,12017809,5432680,2168431,133807,9938646,5329503,3145544,487076,https://cheese.formice.com/transformice/tribe/794605
Oldschool,16971606,6871359,1950309,99887,9957968,4210261,438780,390077,https://cheese.formice.com/transformice/tribe/2795
Onde Fracos Nao Tem Vez',45948275,14898055,2502366,432326,11967003,4095508,3586359,693461,https://cheese.formice.com/transformice/tribe/1113615
Aftershock,8004597,3333718,1084353,105562,6911952,3723882,1939192,370431,https://cheese.formice.com/transformice/tribe/726986
SING LOUD,23212643,8390401,2108784,271179,9813772,4691503,2119341,526196,https://cheese.formice.com/transformice/tribe/920633
On My Way,17642827,7686216,377294,141131,7399614,1754812,2654205,210708,https://cheese.formice.com/transformice/tribe/91396
Kittens with Lazers,10186113,4658943,862986,100272,6378233,2325958,391462,247924,https://cheese.formice.com/transformice/tribe/19721
At Least We Tried,12233641,5305587,983432,109404,6642208,3034528,912824,304605,https://cheese.formice.com/transformice/tribe/33669
Let me hold you,13831632,5121853,1464768,101893,7242767,3519879,1751156,373198,https://cheese.formice.com/transformice/tribe/647237
Psychopatyczne Plody Zaglady,23322329,8357647,734874,169231,8118762,2546325,3154966,398572,https://cheese.formice.com/transformice/tribe/943015
w z r s,25825828,8731884,2458219,385825,7850708,3169902,2254543,458920,https://cheese.formice.com/transformice/tribe/1138251
Forgotten In Paradise,26317818,9492938,291791,62684,7250667,1797622,1797545,210484,https://cheese.formice.com/transformice/tribe/742644
Hnngghh,10353869,4513126,539537,36761,5924149,2345519,708740,199534,https://cheese.formice.com/transformice/tribe/47953
be god,28320557,8752291,1903829,3597620,8240380,3214727,2931007,458317,https://cheese.formice.com/transformice/tribe/1128947
I'm R E A L,36641788,11439549,773295,245060,7392141,2632163,1136142,372530,https://cheese.formice.com/transformice/tribe/1081840
Ocean Turtle,33964124,10904593,951200,226448,7049470,2371124,1770312,366124,https://cheese.formice.com/transformice/tribe/1127963
Nameless vipper,7038877,3788692,340518,160411,4554620,1274097,1017567,147629,https://cheese.formice.com/transformice/tribe/1164
Black Lodge,25759317,9006399,396020,110694,6715531,1995454,2138786,256594,https://cheese.formice.com/transformice/tribe/1078811
Clandesteam,6910054,3029141,806965,86449,4798401,1926546,356595,210510,https://cheese.formice.com/transformice/tribe/1480
f u r i a,16247332,5625885,2249089,695709,5574924,2411193,2057093,325271,https://cheese.formice.com/transformice/tribe/1142054
just one tribe,4434652,2016605,712748,62016,4023541,2370385,890254,193005,https://cheese.formice.com/transformice/tribe/1127537
Marzyciele,19534631,6767823,641730,131086,6395616,2374163,1709206,302912,https://cheese.formice.com/transformice/tribe/225919
Three Feathers,9488717,4071381,588817,70528,5063553,2649148,887863,218070,https://cheese.formice.com/transformice/tribe/255154
<R>,1832629,1036184,451915,83363,2628575,1372691,803840,133765,https://cheese.formice.com/transformice/tribe/414558
HAITA ALPHA,30298403,9599315,401337,99197,6446623,1732085,1397659,236600,https://cheese.formice.com/transformice/tribe/881897
Muramasa,4192787,2173989,482617,72560,3631737,1681316,1252785,185889,https://cheese.formice.com/transformice/tribe/1032802
Matriarca,5268239,2218709,849929,246778,4102871,1863188,1533668,207774,https://cheese.formice.com/transformice/tribe/1076031
Too Cute to Be Real,8724550,3761347,547963,98131,4619066,1602610,697642,196410,https://cheese.formice.com/transformice/tribe/23294
Kompania X,27815098,8897974,388443,111925,6033336,1676498,1527043,245770,https://cheese.formice.com/transformice/tribe/1067823
Loucura extreme,2,2841,2,0,3,0,0,0,https://cheese.formice.com/transformice/tribe/687905
Somos el mundo,29637218,9171680,621049,269241,5855906,2171789,907700,286598,https://cheese.formice.com/transformice/tribe/1066213
EPM,5381853,2514679,541062,80461,3805169,1377665,317680,159083,https://cheese.formice.com/transformice/tribe/11120
Broos Family,27570035,8967844,1819888,377008,4926419,2009197,877607,274704,https://cheese.formice.com/transformice/tribe/910254
oi,5978954,2515995,583511,50342,4076078,1908530,1204713,203509,https://cheese.formice.com/transformice/tribe/452
Negro,2334130,1146054,388620,30864,2750638,1444516,923772,147932,https://cheese.formice.com/transformice/tribe/726562
R E A L Crew,30359920,9236844,583875,156888,5593132,1848250,844666,276541,https://cheese.formice.com/transformice/tribe/1106294
Nie podskakuj bo mam bambus,25338958,8137812,286841,74394,5498900,1556047,1268670,217867,https://cheese.formice.com/transformice/tribe/1088696
only skills,14355703,5173235,1780785,210301,4629448,1933556,1666641,269755,https://cheese.formice.com/transformice/tribe/1140564
The Veteran Legends,11282166,4163870,909126,188153,4859290,1933749,1259633,255909,https://cheese.formice.com/transformice/tribe/1056526
Top Ratios,23,9221,41,41,335,0,0,98,https://cheese.formice.com/transformice/tribe/645661
Cult leader,2790323,1225917,573877,44827,2881775,1550170,909208,147745,https://cheese.formice.com/transformice/tribe/1013317
To Carente,13490442,4859908,1494937,146145,4779290,2192242,1156765,270950,https://cheese.formice.com/transformice/tribe/862871
Somos un error,18966029,6456575,1021444,183539,5399361,2086328,1590995,300934,https://cheese.formice.com/transformice/tribe/1138642
Lute como uma garota,26079183,7737946,505603,51480,5524603,1695200,1015120,283100,https://cheese.formice.com/transformice/tribe/1092778
Salmons of the World,5015161,2436256,387332,20946,3302934,1077905,464776,127639,https://cheese.formice.com/transformice/tribe/18259
Viciados em PIZZA,23420765,7362865,723537,127803,5305994,1732623,1048304,268331,https://cheese.formice.com/transformice/tribe/1136346
NewYorkCity,23796716,7234279,686199,134938,5085881,1285569,694014,214981,https://cheese.formice.com/transformice/tribe/164626
Redscarlet,9154139,3853812,686246,153601,3808163,1616603,909284,185475,https://cheese.formice.com/transformice/tribe/455613
Tabac,4829630,2086088,536483,85419,3322969,1633571,748514,154007,https://cheese.formice.com/transformice/tribe/325917
RED BULL TRANSFORMICE,22124994,7283559,589431,134474,4206280,1351918,793148,223158,https://cheese.formice.com/transformice/tribe/1115413
Made in Detroit,1648830,873029,387660,42684,2097330,1471361,351286,107880,https://cheese.formice.com/transformice/tribe/783190
Anticipating,17501813,5896052,370231,157261,4605669,1472959,776652,174401,https://cheese.formice.com/transformice/tribe/42479
I have no tribe,7536159,3113714,368778,28235,3753359,1502240,521714,154266,https://cheese.formice.com/transformice/tribe/77690
Rat King,8084091,3308018,341796,63168,3694943,1277510,1188013,185244,https://cheese.formice.com/transformice/tribe/999041
Gym For Mice,20487655,6635098,832587,400712,4250153,1694346,866163,229171,https://cheese.formice.com/transformice/tribe/756458
broke boi,829987,422272,197117,20188,1513626,916610,471630,85447,https://cheese.formice.com/transformice/tribe/965716
Losing faith,11169961,3930963,920329,150190,4045796,1699094,1046539,224127,https://cheese.formice.com/transformice/tribe/1095276
M J 1 H O L,21898034,6817167,395178,101847,4160756,1127302,1256032,161365,https://cheese.formice.com/transformice/tribe/1109801
Possibilist,6331210,2880322,346462,145551,3175018,1400967,204293,126133,https://cheese.formice.com/transformice/tribe/5922
Pika,9353754,3260456,684051,137183,3998473,1413530,434263,179233,https://cheese.formice.com/transformice/tribe/40674
We Talk A Lot,14373481,5054623,333221,91559,3962811,1118484,1353972,155320,https://cheese.formice.com/transformice/tribe/1051168
I want you',7510814,2783021,969131,108216,3497685,1660617,1185187,201694,https://cheese.formice.com/transformice/tribe/1141774
The Project X Tribe,15025792,5212130,295348,69588,4007562,1183087,1187075,150173,https://cheese.formice.com/transformice/tribe/670124
Royal Empire,24147162,6689276,360439,31504,4769979,1100392,363492,223567,https://cheese.formice.com/transformice/tribe/767962
Mice de Swiss,6963108,2807108,400479,75536,3354577,1244580,968416,169387,https://cheese.formice.com/transformice/tribe/401504
eu sou alcoolatra,2023644,950353,401678,18231,2113921,1347932,343747,95127,https://cheese.formice.com/transformice/tribe/1042173
Permanently Ban,108,17158,3,0,10,0,0,1,https://cheese.formice.com/transformice/tribe/704483
1000 years later,15541245,5281810,258073,95636,3712577,1061702,989096,145665,https://cheese.formice.com/transformice/tribe/1124285
Undead'',10800780,4030814,791153,254706,3495008,1248637,727427,178849,https://cheese.formice.com/transformice/tribe/434123
Anesthetic,7481294,3330413,80939,35075,3036477,527562,1526577,61321,https://cheese.formice.com/transformice/tribe/1000042
Night For Love,18493852,5682797,408776,118223,4153231,1032241,667277,171841,https://cheese.formice.com/transformice/tribe/1020257
[LLNN],5441093,2207037,652682,57971,3028483,1820439,286872,138976,https://cheese.formice.com/transformice/tribe/322125
Asocial unity,3905181,1734022,426445,29544,2671881,1059339,807236,122265,https://cheese.formice.com/transformice/tribe/1015779
Corrosive,3715809,1660390,433816,36317,2610042,840620,929359,147863,https://cheese.formice.com/transformice/tribe/800133
The Furry Revolution,3376611,1631611,424240,41536,2424310,1372041,153330,96353,https://cheese.formice.com/transformice/tribe/33681
Liga dos Deuses,20678130,6100940,503275,126629,3979262,1195555,395615,190695,https://cheese.formice.com/transformice/tribe/460133
Bootcamp Paradox,11362775,3925813,892838,1575462,3612563,1218644,1258853,183261,https://cheese.formice.com/transformice/tribe/1004754
We're bad at this,3068688,1558254,292453,31149,2316942,885658,509435,106243,https://cheese.formice.com/transformice/tribe/885088
above heaven,3681178,1765540,481691,32267,2445874,951491,856421,119884,https://cheese.formice.com/transformice/tribe/1120212
Les Populaires,8232773,3050422,422990,48358,3370093,1236651,229142,124015,https://cheese.formice.com/transformice/tribe/12530
Walang Titulo,5577557,2336797,476702,72426,2897951,1143931,1003483,160942,https://cheese.formice.com/transformice/tribe/622738
Psycho Paradise,3970128,1719061,443611,24212,2603274,1293281,110840,112860,https://cheese.formice.com/transformice/tribe/20141
Kalash,1538626,758374,324886,53074,1779692,929910,430618,82894,https://cheese.formice.com/transformice/tribe/422863
i am speed,17458347,5615051,1737467,236312,2838589,1184072,711798,151180,https://cheese.formice.com/transformice/tribe/1132706
Eita Preula,5023879,2030396,508830,21144,2792582,1194709,120692,115673,https://cheese.formice.com/transformice/tribe/32956
a g t,14589056,4701493,901881,165285,3464635,1166521,946375,204469,https://cheese.formice.com/transformice/tribe/1134800
Academy of Building,5144066,2202402,272351,101398,2676427,753466,1048768,93395,https://cheese.formice.com/transformice/tribe/1077275
pocas,9646389,3408562,1084429,135739,3179352,1256591,1140315,171927,https://cheese.formice.com/transformice/tribe/1132230
Sabertooth nTC,19025750,5790206,400119,112820,3043796,837637,795684,142516,https://cheese.formice.com/transformice/tribe/1069359
karinafabita,10880625,3683538,546309,106971,3356372,1139971,898702,195179,https://cheese.formice.com/transformice/tribe/280968
Forgotten In Paradis,13698782,4556235,164822,24346,3236723,772388,316424,101022,https://cheese.formice.com/transformice/tribe/366262
Room 7,4512421,1977909,417746,45307,2491545,789007,412583,129569,https://cheese.formice.com/transformice/tribe/908
mmm,3585764,1675346,305547,47484,2277193,719608,359053,96262,https://cheese.formice.com/transformice/tribe/14184
15 to Life,5012120,2113154,268589,14891,2598193,765314,30699,87258,https://cheese.formice.com/transformice/tribe/10616
pivot,3066401,1335151,230898,31832,2226662,965634,925802,91593,https://cheese.formice.com/transformice/tribe/1126238
K r i p p y,9324792,3256402,660479,100129,3096442,1143748,995985,185807,https://cheese.formice.com/transformice/tribe/1049756
Unravel,3493291,1807266,220158,94276,2082825,786449,588160,89288,https://cheese.formice.com/transformice/tribe/705738
Pizza Corp,3625646,1531514,327978,28017,2325440,1414902,260978,102312,https://cheese.formice.com/transformice/tribe/153831
Fa Cute,2792094,1478598,165598,27929,1948088,661429,364553,79161,https://cheese.formice.com/transformice/tribe/258086
Every,2686297,1219190,383957,22848,2036454,1077708,32620,82863,https://cheese.formice.com/transformice/tribe/36420
a drink in hell,3988101,1496691,574644,63316,2450959,1088942,990611,138856,https://cheese.formice.com/transformice/tribe/1027734
fenix x,13007104,4131841,526071,77711,3205062,939087,165438,151968,https://cheese.formice.com/transformice/tribe/605944
Gloopperski,2222695,1341185,40789,6088,1702578,242296,1225426,20494,https://cheese.formice.com/transformice/tribe/656282
Wild Wild West,9686310,3625226,114946,47554,2734236,574438,1217531,73814,https://cheese.formice.com/transformice/tribe/1119563
Catalonia,8062619,2826531,415516,64638,2922567,1206602,301081,119041,https://cheese.formice.com/transformice/tribe/2233
Swirl,3645002,1471621,383463,42745,2273932,904688,853469,112955,https://cheese.formice.com/transformice/tribe/1016033
Taiwan!,3326032,1629309,148669,15330,2033324,597135,482653,77009,https://cheese.formice.com/transformice/tribe/1242
evil god,1660102,780535,301883,48899,1636385,824097,557410,85531,https://cheese.formice.com/transformice/tribe/981655
Swagytracks,11545535,3709000,1501245,138798,2658635,1206564,837105,150269,https://cheese.formice.com/transformice/tribe/855487
Carpe Omnia,5661925,2163466,301769,22884,2542521,882208,646567,120960,https://cheese.formice.com/transformice/tribe/421025
That Sexy Tribe,6336874,2400696,359105,31670,2577954,1207692,174972,110576,https://cheese.formice.com/transformice/tribe/99819
Loyals,4607849,1865228,361847,60676,2321530,792914,738494,146217,https://cheese.formice.com/transformice/tribe/726083
Friends Inc,4402720,1969826,168259,35616,2138071,702282,1027512,83555,https://cheese.formice.com/transformice/tribe/1118210
Unvisible Moon,13633423,4196301,184456,34911,2949106,805128,626195,118141,https://cheese.formice.com/transformice/tribe/787331
Odyssey,4568252,1883465,425809,117933,2249378,899307,537599,107029,https://cheese.formice.com/transformice/tribe/494627
Afternoon Tea Time,4566115,2080710,156740,67810,2053630,698828,455610,76687,https://cheese.formice.com/transformice/tribe/528892
Forococheros,5491435,2053821,338729,20980,2437583,788015,232267,99378,https://cheese.formice.com/transformice/tribe/49704
Legendary Rats Myth,9789173,3098935,556653,81917,2874827,1000467,6405,114051,https://cheese.formice.com/transformice/tribe/219323
Bc 24Hs,12112342,3869802,426155,363221,2636990,920010,415865,145217,https://cheese.formice.com/transformice/tribe/1055183
The Best Of Legend's,15098570,4424373,145127,64104,2757589,671657,516870,88877,https://cheese.formice.com/transformice/tribe/976541
We will always be together,5030895,2269860,48569,34775,1974280,439365,1109323,27757,https://cheese.formice.com/transformice/tribe/983560
Dexsi,5600097,2106912,437855,75904,2313939,839832,761458,126463,https://cheese.formice.com/transformice/tribe/1034752
Jamahiriya,4285991,1711191,285007,23197,2150496,644970,251391,87128,https://cheese.formice.com/transformice/tribe/78885
Flor de Lotus,1433090,919045,10060,2024,1305421,718573,495820,4569,https://cheese.formice.com/transformice/tribe/1048926
Imperium Sera,3059149,1328114,330248,25601,1887058,1015783,44892,81188,https://cheese.formice.com/transformice/tribe/485633
Somente Memorias,8746226,2932198,502753,56126,2578918,1052245,434780,134972,https://cheese.formice.com/transformice/tribe/1019789
Thundermouse,4205233,1678826,207806,7226,2114912,560543,314494,83883,https://cheese.formice.com/transformice/tribe/24333
Vanilla na veia racing na cadeia,8904067,2943779,392748,85328,2584936,933246,396694,134040,https://cheese.formice.com/transformice/tribe/983799
Star of Hope,4806882,2103923,84907,78687,1961478,464130,817683,59885,https://cheese.formice.com/transformice/tribe/825183
Hell Scream,7278047,2511654,281955,55520,2200003,849913,648551,117020,https://cheese.formice.com/transformice/tribe/1134838
Powermaus,2172690,893839,255140,21991,1694733,693542,703647,83355,https://cheese.formice.com/transformice/tribe/976447
LeGeNdS_TFM,11436495,3718023,306697,73195,2386040,808402,422492,127370,https://cheese.formice.com/transformice/tribe/1102441
Vanilla time,2994292,1264281,256221,30594,1860887,891236,733117,91400,https://cheese.formice.com/transformice/tribe/1131166
? ? ?,1143945,504042,252567,56056,1275199,739760,333743,65925,https://cheese.formice.com/transformice/tribe/414718
Formidable,3319440,1446897,273416,17665,1851590,813132,51511,76766,https://cheese.formice.com/transformice/tribe/15720
R E V E A L E D,7775571,3117201,440644,147489,1778635,623418,404720,86160,https://cheese.formice.com/transformice/tribe/955838
The Crystal Galaxy,9240816,3124330,133661,29252,2390820,597514,700053,98522,https://cheese.formice.com/transformice/tribe/1083837
DH3,2356197,1019866,289007,19135,1660371,875937,107440,69176,https://cheese.formice.com/transformice/tribe/13662
NY'',7624070,2506594,506063,29797,2441271,972644,5717,78042,https://cheese.formice.com/transformice/tribe/211639
Tiqer Kaplan,11431634,3508184,323860,75638,2493230,713049,303495,108554,https://cheese.formice.com/transformice/tribe/636216
Louder,7551137,2457627,416375,63738,2458389,912716,608905,127536,https://cheese.formice.com/transformice/tribe/752819
Skilled Brazilians,11374483,3744305,767075,110578,1901879,660211,530808,100921,https://cheese.formice.com/transformice/tribe/1137460
uwuhell,8566594,3019738,236421,69208,2136573,584011,926225,88728,https://cheese.formice.com/transformice/tribe/1138415
Unidentified Dreams World,3645611,1436904,322599,38201,1917423,662674,888505,102592,https://cheese.formice.com/transformice/tribe/1044804
k,2840855,1441268,295574,88895,1528793,500850,693241,57412,https://cheese.formice.com/transformice/tribe/413211
R E A L Perfect,11121301,3441953,293373,93343,2358911,846175,324611,114826,https://cheese.formice.com/transformice/tribe/1123911
???????? ?????,3291041,1404762,610478,32248,1702537,739686,573029,84320,https://cheese.formice.com/transformice/tribe/8783
D0M1N4D0RE5,8101037,2725382,529836,127333,2208234,774620,463113,125381,https://cheese.formice.com/transformice/tribe/1126144
Desert Roses,1837940,894486,214846,29874,1401780,464185,461048,70099,https://cheese.formice.com/transformice/tribe/1095256
Soup,8664905,2798635,196632,41022,2297871,709450,224614,77469,https://cheese.formice.com/transformice/tribe/64993
Kedi patisi,12401061,3657907,273212,59438,2289943,475187,313454,91825,https://cheese.formice.com/transformice/tribe/1119601
Bom de Guerra,11063614,3616271,249588,67544,1830337,512150,186013,93500,https://cheese.formice.com/transformice/tribe/1070934
'Angels and Demons',9425172,3008551,206556,41446,2234438,795561,230137,107578,https://cheese.formice.com/transformice/tribe/354379
Evildromouse,1404271,709137,198912,18945,1244947,668795,37706,54598,https://cheese.formice.com/transformice/tribe/524890
World LGBTQ Pride,9265004,2966999,175860,29654,2223444,692259,625441,119346,https://cheese.formice.com/transformice/tribe/1130732
Anonymouse,4762506,1856028,164398,29098,1897633,720301,308751,69941,https://cheese.formice.com/transformice/tribe/900
Unrank,643444,298028,120500,87819,916948,572686,231419,50742,https://cheese.formice.com/transformice/tribe/720248
One year four sets simazoooo,4169032,1791205,85939,69769,1699929,485261,605526,52920,https://cheese.formice.com/transformice/tribe/750356
The Cutiest Mouse,5796511,2245473,78514,22931,1851144,386460,244096,52935,https://cheese.formice.com/transformice/tribe/616660
20 Exp,9955911,3107481,256079,92788,2181834,587504,496720,101625,https://cheese.formice.com/transformice/tribe/1133865
Cannon racers,12009120,3522461,279053,65687,2229088,654878,338337,108573,https://cheese.formice.com/transformice/tribe/716958
O Boticario,1634178,694966,187396,8967,1358254,826640,106540,56705,https://cheese.formice.com/transformice/tribe/815389
ForBrotherHood,11516974,3385854,283706,46204,2252318,441854,158574,80687,https://cheese.formice.com/transformice/tribe/780744
ProdigioSS,10615136,3398193,291919,56254,2132965,705527,367512,115697,https://cheese.formice.com/transformice/tribe/1135884
9Nie Zone,6000620,2373810,219517,87766,1720936,610860,497178,77029,https://cheese.formice.com/transformice/tribe/1070515
Blvd Mice,2765237,1202587,295103,42512,1560241,643392,450212,77185,https://cheese.formice.com/transformice/tribe/596652
Get The Bang To Move Your Gang,3982635,1588287,229270,82337,1760928,762633,571465,92615,https://cheese.formice.com/transformice/tribe/1140962
tut powlo,2670231,1166365,288866,68319,1537836,410114,722473,86411,https://cheese.formice.com/transformice/tribe/890481
We know stuff,1741977,839831,179313,9390,1321353,641196,73435,63261,https://cheese.formice.com/transformice/tribe/78583
Otakus forever s2,11349492,3329795,207898,57667,2174910,618257,422586,100256,https://cheese.formice.com/transformice/tribe/1078366
The Last'Hope,2149208,897074,234183,23779,1458262,711182,370012,76261,https://cheese.formice.com/transformice/tribe/854603
KKKKKKKKKKKKKKKKKKKKK,1909866,845051,211088,20551,1375443,561486,499092,77949,https://cheese.formice.com/transformice/tribe/856503
The Invictus,9000651,2975259,351733,97858,1799100,563316,478781,92900,https://cheese.formice.com/transformice/tribe/1141257
Fluffy Cats,8661706,2800639,147146,49900,2009066,518301,678842,76705,https://cheese.formice.com/transformice/tribe/907796
Edward's,499286,268615,120508,8806,770476,440138,207256,34521,https://cheese.formice.com/transformice/tribe/1137043
nao ligo p vc,1888657,757036,188638,8998,1398946,651007,445327,76503,https://cheese.formice.com/transformice/tribe/1045934
so cornos,6689301,2166558,537550,42390,2017457,816764,503750,121296,https://cheese.formice.com/transformice/tribe/1100855
Vsraty,3732889,1625204,54812,20639,1544086,449589,673382,43777,https://cheese.formice.com/transformice/tribe/943165
remember to smile,5861532,2100074,198695,57498,1853007,567172,432503,73686,https://cheese.formice.com/transformice/tribe/841975
Science Speed,9219497,2851100,234746,60541,2046145,495214,106803,89196,https://cheese.formice.com/transformice/tribe/441236
The Treatbox,6922749,2418362,64960,17136,1818947,536393,445566,63150,https://cheese.formice.com/transformice/tribe/967304
Peep',9223859,2918108,286367,84743,1994156,464185,897064,90633,https://cheese.formice.com/transformice/tribe/1114089
Something Different,3770984,1439764,185954,39585,1695188,691976,401432,82623,https://cheese.formice.com/transformice/tribe/1024838
Pudding's Love,2935151,1391930,181823,143729,1371664,539467,206300,48939,https://cheese.formice.com/transformice/tribe/30184
PR0PHECY,9554491,2966415,191663,52336,1920726,602178,167872,93659,https://cheese.formice.com/transformice/tribe/1048085
Antyvice,3157711,1145676,343902,164285,1647566,447757,837948,88570,https://cheese.formice.com/transformice/tribe/1140367
My mom's proud,6665029,2305815,481374,79913,1785983,465678,788204,93137,https://cheese.formice.com/transformice/tribe/1047993
Prison,1967535,726973,157045,12893,1167368,587812,265543,55837,https://cheese.formice.com/transformice/tribe/996615
Little Girls,4427908,1667300,194737,6569,1716505,500631,1206,51218,https://cheese.formice.com/transformice/tribe/2390
nanjei,1671374,1000088,49427,59973,1080780,302336,430809,34680,https://cheese.formice.com/transformice/tribe/623314
Dracarys,1880314,777308,176553,8786,1337623,827842,56769,53548,https://cheese.formice.com/transformice/tribe/471982
dreaming is living,3011043,1179662,228645,41812,1726637,782356,691487,96822,https://cheese.formice.com/transformice/tribe/1133950
*-* x99,5990387,2085248,386739,52941,1785703,750857,289178,94533,https://cheese.formice.com/transformice/tribe/414760
Hellcats-s2,10251871,3008635,174881,31023,2016866,570951,398888,101265,https://cheese.formice.com/transformice/tribe/1136353
Playing Be Calm,3373560,1479525,159848,40858,1450858,623532,222357,69659,https://cheese.formice.com/transformice/tribe/455490
Wonderfall,10511482,3039649,216099,43194,2011903,545224,204781,93006,https://cheese.formice.com/transformice/tribe/1024325
Laissez Faire,4865545,1838731,110242,11033,1667603,361003,468803,75014,https://cheese.formice.com/transformice/tribe/1007723
Beyond the paranormal,8043626,2579458,299201,63373,1835994,609104,386561,93380,https://cheese.formice.com/transformice/tribe/1136935
eu nem sei porq ainda jogo isso,5552410,1885981,351984,60162,1824571,685091,529310,112540,https://cheese.formice.com/transformice/tribe/1033714
Normal Society,2158567,937551,142564,7701,1344343,487224,522580,66403,https://cheese.formice.com/transformice/tribe/937593
SGOD crew,2912857,1209123,193878,21404,1462892,538508,232248,66481,https://cheese.formice.com/transformice/tribe/639030
Kwas Cynamonowy,4139693,1556211,162888,20386,1645323,483627,618320,78366,https://cheese.formice.com/transformice/tribe/452686
mishi tvoego dvora,2052163,1070237,60992,21230,1184638,254149,674759,30804,https://cheese.formice.com/transformice/tribe/1021056
Green Wolves,9212602,2811035,98142,25261,1873381,513548,552988,63042,https://cheese.formice.com/transformice/tribe/946757
Take my drink please,10718901,3114864,195511,57227,1873033,631807,364326,96825,https://cheese.formice.com/transformice/tribe/1057241
Whiteness,9306046,2776992,119415,33388,1937602,548327,256499,72618,https://cheese.formice.com/transformice/tribe/936514
Je te vois,1085760,469044,147965,6748,1045133,404945,452501,58884,https://cheese.formice.com/transformice/tribe/1075476
FamilySky,10162264,3130169,350125,104965,1592226,473835,214198,83490,https://cheese.formice.com/transformice/tribe/1045631
DarkOblivion,6521769,2273221,89211,36425,1661530,430665,210482,63648,https://cheese.formice.com/transformice/tribe/707537
vlone,591475,306299,169660,2777,771731,505902,214147,46037,https://cheese.formice.com/transformice/tribe/977618
Biladerim icin,799283,345420,172768,16280,904251,511001,243981,42528,https://cheese.formice.com/transformice/tribe/1109758
Old But Legend,829466,366879,144438,5012,920235,498642,189735,40698,https://cheese.formice.com/transformice/tribe/865257
S E K U T E R A N,5923759,2190535,101051,32697,1531625,455164,359031,58310,https://cheese.formice.com/transformice/tribe/962634
parsamuro,2187938,976007,168658,17065,1286171,443763,154707,64863,https://cheese.formice.com/transformice/tribe/1587
ForBrotherHood 2,9727196,2814734,214783,46473,1930038,400708,71337,68812,https://cheese.formice.com/transformice/tribe/797687
The Tachyons,2299788,1037799,117570,21386,1290015,457232,349075,59839,https://cheese.formice.com/transformice/tribe/697328
VROOM,2428763,1038072,154730,23052,1341618,432264,31973,45839,https://cheese.formice.com/transformice/tribe/44968
De tu envidia nace mi fama,5402976,1854188,242210,64267,1714275,606001,579593,87800,https://cheese.formice.com/transformice/tribe/529961
better off alone',7944687,2331996,330110,56481,1980050,846603,517394,102607,https://cheese.formice.com/transformice/tribe/1138787
Porque Miras Mi Perfil Acaso No Ves Que Soy Pro___,6829557,2317618,174361,67397,1635880,475775,38795,72868,https://cheese.formice.com/transformice/tribe/561610
League of Gentlemice,2269497,1021045,135762,2787,1270756,345947,90,42104,https://cheese.formice.com/transformice/tribe/165
blackmage,729021,309440,170471,15416,855272,403270,333193,41747,https://cheese.formice.com/transformice/tribe/1140911
eeeeeeeee,5604564,1942627,279955,55157,1621748,567868,530224,94135,https://cheese.formice.com/transformice/tribe/1139560
Dois Mais Dois Igual a 0,10442460,2928124,161160,28952,1891364,462799,108533,79772,https://cheese.formice.com/transformice/tribe/579803
0a bus,2827401,1270803,80573,36114,1290557,296861,567559,48404,https://cheese.formice.com/transformice/tribe/683558
is it the answer,3993137,1669049,278643,84936,1118765,399461,294484,55474,https://cheese.formice.com/transformice/tribe/1135271
Anti Bubbles,2842039,1199847,137339,22629,1376786,417662,616976,54982,https://cheese.formice.com/transformice/tribe/1027955
P O R S C H E,2854156,1099979,274014,42149,1426833,549994,514028,71595,https://cheese.formice.com/transformice/tribe/1140185
someone could get hurt,1055961,467861,184122,17728,986837,500199,323544,51479,https://cheese.formice.com/transformice/tribe/1018759
Maverick Hunter,1407414,657016,92283,6145,1091127,456563,297613,50818,https://cheese.formice.com/transformice/tribe/348985
girls locker room,3127926,1323985,179764,41153,1348573,474717,521605,63254,https://cheese.formice.com/transformice/tribe/1132081
Ignis Fatuus,1973764,1045735,79317,15912,1081870,194584,639767,31142,https://cheese.formice.com/transformice/tribe/711169
Queen's of bootcamps,6280180,2173630,169705,87247,1565799,453780,37366,72685,https://cheese.formice.com/transformice/tribe/547575
941453150,2321525,1117212,37170,14904,1174317,201999,768759,18713,https://cheese.formice.com/transformice/tribe/1045768
ganancia,629220,301640,146814,9885,771756,432256,179742,41706,https://cheese.formice.com/transformice/tribe/1111800
House Events,7993001,2519259,214732,29130,1629902,539489,259239,79430,https://cheese.formice.com/transformice/tribe/1097411
invisivel pelos que miravam,6891229,2288041,458780,107616,1510287,533006,224690,85560,https://cheese.formice.com/transformice/tribe/1069696
$$(SEXYS)vs(PROS)$$,3160973,1204244,194523,46588,1431211,375622,674101,93047,https://cheese.formice.com/transformice/tribe/185143
Feel Free,2576735,1087317,182556,9795,1289538,456184,78465,55869,https://cheese.formice.com/transformice/tribe/41280
Mooves Like Jagger,596362,276891,124438,12364,666041,401868,164726,35031,https://cheese.formice.com/transformice/tribe/718300
Turk Alliance,4056244,1496792,457293,39887,1434193,543969,425484,86287,https://cheese.formice.com/transformice/tribe/1096180
HotShot's,2532024,1070263,173217,8148,1273596,434821,45632,50132,https://cheese.formice.com/transformice/tribe/4639
bootcampalm,5964066,2037699,197761,90103,1547886,476912,5810,72072,https://cheese.formice.com/transformice/tribe/425758
A Beautiful Mess,1740689,808328,151498,13229,1112946,438366,226037,53195,https://cheese.formice.com/transformice/tribe/10801
Kingdom Of Otaku,7433520,2247076,105592,34725,1738371,523595,334378,71315,https://cheese.formice.com/transformice/tribe/639967
Israil Kolordu Komutanligi,3807946,1305817,218069,28564,1542178,534094,545984,75699,https://cheese.formice.com/transformice/tribe/976712
just existing,2798647,1115598,202312,31503,1319622,441716,432188,68303,https://cheese.formice.com/transformice/tribe/1110223
futuro pai do seu filho,4334567,1522990,660512,72286,1410946,623311,548835,83415,https://cheese.formice.com/transformice/tribe/1132316
SectadeLux,1301777,599863,165993,11062,1000997,330504,390735,51366,https://cheese.formice.com/transformice/tribe/666122
sounds gay i'm in,4164772,1574879,94763,20821,1360717,365806,572233,54875,https://cheese.formice.com/transformice/tribe/1097015
Os MiToS TfM,7496459,2304062,188456,29963,1608806,503856,194209,78885,https://cheese.formice.com/transformice/tribe/784320
Se eu prestasse tu nao ia gostar,431978,250983,125891,1821,614559,414855,107018,30247,https://cheese.formice.com/transformice/tribe/867884
Eai 02,1858903,737138,204636,14402,1171752,450831,561114,67281,https://cheese.formice.com/transformice/tribe/974035
bLaCk AnARqui,5080791,1731714,326717,49775,1496831,493236,370908,87745,https://cheese.formice.com/transformice/tribe/1089940
Cirno,2643287,1157252,69048,6387,1198308,317606,566287,39921,https://cheese.formice.com/transformice/tribe/777837
SATAN LOVERS,4444195,1581776,71066,5451,1471574,399811,439061,58616,https://cheese.formice.com/transformice/tribe/1026365
cuida da sua vida,1591730,639966,152119,15945,1066215,603613,289914,57096,https://cheese.formice.com/transformice/tribe/1134968
Old Boys,2587503,1088957,383796,24446,1168142,484502,75464,47408,https://cheese.formice.com/transformice/tribe/411243
C O N S I D E R A D O S,5038118,1706225,314716,35171,1486465,571082,366114,81274,https://cheese.formice.com/transformice/tribe/1111581
the_Millionaires,6897733,2384116,118558,38863,1241608,355351,388266,48326,https://cheese.formice.com/transformice/tribe/1139552
Knights of Swiss,1875216,804386,151968,15913,1126369,206308,40565,38731,https://cheese.formice.com/transformice/tribe/70
SNEY KFC Royal,8634081,2590752,143870,60163,1460051,454975,138326,70023,https://cheese.formice.com/transformice/tribe/840527
Holy Angels,1868085,847708,105279,469,1095830,276599,3679,33732,https://cheese.formice.com/transformice/tribe/23141
Hellcats '',9992145,2576903,124744,10322,1908322,533075,183839,92640,https://cheese.formice.com/transformice/tribe/138047
Mala mia,4575509,1560501,310018,51234,1474777,630384,300483,81758,https://cheese.formice.com/transformice/tribe/1087201
world is anime and k-pop,8561613,2478413,127828,33348,1614424,505929,221907,78843,https://cheese.formice.com/transformice/tribe/976810
Deep Darkness,4883759,1655159,358193,102885,1195367,417336,430461,60822,https://cheese.formice.com/transformice/tribe/1141135
NewYorkCity Yeniden,7644279,2320058,172688,36129,1552771,339505,35040,56446,https://cheese.formice.com/transformice/tribe/628800
Tribo_Top,8722198,2502288,201076,41743,1612415,423515,115287,73005,https://cheese.formice.com/transformice/tribe/897242
s2 Planet of Unicorns s2,9088191,2511247,125512,16494,1707236,468689,308988,82152,https://cheese.formice.com/transformice/tribe/952204
 ,1587267,633090,137269,9122,1088289,507938,434013,38771,https://cheese.formice.com/transformice/tribe/416183
Weakness disgusts me,412722,208044,92485,2038,603431,326388,173681,27178,https://cheese.formice.com/transformice/tribe/1123277
Brigada,2473037,937059,244282,21161,1242995,552584,321888,63126,https://cheese.formice.com/transformice/tribe/726813
BLUETOON,3230220,1451878,184915,88685,1036932,333451,392796,38039,https://cheese.formice.com/transformice/tribe/1106772
born to be yours,2107903,782114,181649,13565,1204712,441084,402718,69634,https://cheese.formice.com/transformice/tribe/1109840
"""Poderoso Deus""",6684341,1959861,182582,24916,1661378,385737,62330,70067,https://cheese.formice.com/transformice/tribe/333733
Let me be like that,990322,666167,23435,14163,733368,227416,410079,8156,https://cheese.formice.com/transformice/tribe/1098146
Kasvet,603201,300176,139153,8290,696948,429506,176229,36416,https://cheese.formice.com/transformice/tribe/1034145
Cheesitos,7321960,2185766,149238,25115,1554605,360658,13056,60438,https://cheese.formice.com/transformice/tribe/564253
One More Star,7513248,2290650,146111,48369,1445572,454030,117948,64617,https://cheese.formice.com/transformice/tribe/1072420
Y E L L O W,2343644,862380,237846,12303,1220981,581512,280336,60992,https://cheese.formice.com/transformice/tribe/663450
Mielikki,2754535,1097419,101992,11390,1210103,539740,35682,44624,https://cheese.formice.com/transformice/tribe/45993
x Destiny x,6696912,2125159,127898,45126,1407361,445818,381162,69659,https://cheese.formice.com/transformice/tribe/1099880
Myth's and legend's of the survivor,8806881,2458631,142417,34419,1564627,335693,155741,72130,https://cheese.formice.com/transformice/tribe/770866
Feathers of the Vastaya,674259,329508,112227,12918,727792,387362,211850,34902,https://cheese.formice.com/transformice/tribe/1134084
there is always a hope,2208902,798198,262089,11979,1192372,520381,378651,68912,https://cheese.formice.com/transformice/tribe/1121521
PROFIT,4649702,1679840,85153,8367,1281968,290603,179573,46157,https://cheese.formice.com/transformice/tribe/667878
feed me with your negativity,1236895,465237,206187,4286,939751,463131,319030,47113,https://cheese.formice.com/transformice/tribe/1140241
meww meww,644849,301268,124749,4857,715396,280300,361570,40976,https://cheese.formice.com/transformice/tribe/1018291
BC4EVER',6297016,1893241,392093,657653,1513411,613551,341307,81949,https://cheese.formice.com/transformice/tribe/996808
The Onions World,3850055,1451896,106504,20276,1248353,398555,338217,53092,https://cheese.formice.com/transformice/tribe/785178
Jedi,2177254,879283,137535,14067,1128280,380872,43836,39415,https://cheese.formice.com/transformice/tribe/925
Mission Imposible,4108173,1424540,253378,38966,1342735,531621,209701,68799,https://cheese.formice.com/transformice/tribe/492501
na terra piranha no mar sereia,6676425,2001064,244324,43329,1505942,432856,154454,72498,https://cheese.formice.com/transformice/tribe/1041886
Molang,2134826,803239,207852,43017,1155619,501040,446944,64482,https://cheese.formice.com/transformice/tribe/1081713
blacksun00,7466812,2261209,67509,19153,1399500,361369,174284,48715,https://cheese.formice.com/transformice/tribe/881059
Pa que miras mi perfil es que te gusto 7w7,7501462,2234656,107013,37289,1332534,424070,283239,59716,https://cheese.formice.com/transformice/tribe/1071481
R A V E,2189577,961002,211879,35944,1046085,492120,172085,52830,https://cheese.formice.com/transformice/tribe/919919
International Alliance,3500619,1361871,31183,38352,1160359,186229,611294,29215,https://cheese.formice.com/transformice/tribe/843597
Bifrost,2957819,1111662,307809,39086,1203454,441759,429461,61046,https://cheese.formice.com/transformice/tribe/1082826
lambisgoias,2458838,939573,176071,9829,1233801,602785,278926,60176,https://cheese.formice.com/transformice/tribe/1133642
Komica,2687168,1078234,68001,1196,1162131,355102,160862,41002,https://cheese.formice.com/transformice/tribe/7392
TKS The Kings Of Survivor,9208323,2713115,171101,42808,1122313,332695,230209,55243,https://cheese.formice.com/transformice/tribe/1030398
ai como queria uma webnamorada,426408,228222,77052,3763,583617,390674,100048,27609,https://cheese.formice.com/transformice/tribe/1138607
Os EnVoCaDoS,3574178,1209445,199506,23922,1354866,582769,279293,72776,https://cheese.formice.com/transformice/tribe/44838
All In One Heart,4865836,1530484,149069,17793,1473482,534082,394872,77773,https://cheese.formice.com/transformice/tribe/733799
Kylpar,6900073,2058297,144556,30576,1462047,420479,136942,71414,https://cheese.formice.com/transformice/tribe/1049261
Food is good,3922559,1397492,90621,10126,1296051,327296,508031,50466,https://cheese.formice.com/transformice/tribe/578987
s v o r,9527604,2735992,165179,46317,1325430,399118,319378,67332,https://cheese.formice.com/transformice/tribe/1139342
SMASH THE PATRIARCHY AND CHILL,6759638,2031048,109203,15820,1449466,378775,98445,62214,https://cheese.formice.com/transformice/tribe/950793
parties with the devil,1860603,831968,111249,8819,1001222,394125,373338,46176,https://cheese.formice.com/transformice/tribe/1131866
[']Snow[']Race['],4634401,1622966,115475,23616,1261972,386614,11048,40471,https://cheese.formice.com/transformice/tribe/161184
Mr Beaan,560680,275560,73950,2962,656230,293353,234199,28175,https://cheese.formice.com/transformice/tribe/887178
Foreign,4012639,1603359,375621,102117,1110975,386465,414229,67970,https://cheese.formice.com/transformice/tribe/30442
Stiff,814431,469412,9362,4907,721276,347774,347575,4022,https://cheese.formice.com/transformice/tribe/804778
ROM POM POM POM ADOTE UM RATO,4601845,1496298,165946,37057,1381695,464498,325885,69963,https://cheese.formice.com/transformice/tribe/1117168
Until Dawn,7473955,2144999,151462,31527,1457905,365636,105714,66800,https://cheese.formice.com/transformice/tribe/854454
Apace,7953525,2312544,920971,138929,988121,388356,240195,53646,https://cheese.formice.com/transformice/tribe/998069
L-TEAM,3137726,1184479,192293,21235,1177910,329816,536928,64366,https://cheese.formice.com/transformice/tribe/916122
haHAA Tribe,4367387,1561338,76566,39861,1220456,346174,384080,50336,https://cheese.formice.com/transformice/tribe/1060631
pq eu jogo rato,1192785,487031,110043,14516,907890,519060,244886,42551,https://cheese.formice.com/transformice/tribe/1140001
Thunder GK,4286933,1596330,209395,45718,1120788,266029,437503,77833,https://cheese.formice.com/transformice/tribe/1131430
Araluen',565659,282200,149759,2172,635625,130024,390385,34302,https://cheese.formice.com/transformice/tribe/1140331
Brief Godz,6408769,2077235,77194,63137,1188206,335653,273482,41981,https://cheese.formice.com/transformice/tribe/1032085
Rennegado,669909,308333,79541,16996,704975,333168,238537,30531,https://cheese.formice.com/transformice/tribe/873099
Bonde das travestchis,3668067,1231018,112662,16534,1339376,540963,408752,68186,https://cheese.formice.com/transformice/tribe/1091974
IhoLandia,6683239,2069591,176595,27000,1276871,353411,187827,59028,https://cheese.formice.com/transformice/tribe/1100912
Boss of deathmatch II,7025724,2093551,285015,75687,1323562,367096,142803,63060,https://cheese.formice.com/transformice/tribe/959114
umop pue dn,699574,384142,133855,9947,673338,424054,52750,29400,https://cheese.formice.com/transformice/tribe/178865
Blessed Do Mice,7799993,2281354,131314,26398,1283504,319164,148189,58577,https://cheese.formice.com/transformice/tribe/1067086
Blame it on rebellion,1259299,522362,173810,15465,896495,421186,343059,51720,https://cheese.formice.com/transformice/tribe/1043345
Shockwave,1519612,688683,141664,2242,916649,355559,4457,40060,https://cheese.formice.com/transformice/tribe/22208
Poisined Apple,3130087,1104366,223332,34727,1214642,462797,361077,63734,https://cheese.formice.com/transformice/tribe/572611
Venus 1996',6226301,1923692,160870,24919,1316676,345524,114237,63694,https://cheese.formice.com/transformice/tribe/951812
Tpunto,489294,254158,74551,13570,599047,373257,109896,26679,https://cheese.formice.com/transformice/tribe/123926
Camisinha serve pra evitar gente como vc,5477903,1675993,220947,32363,1393128,508877,181690,71679,https://cheese.formice.com/transformice/tribe/1022409
Llama Queen,1151550,583356,86214,2277,812268,340374,77882,32482,https://cheese.formice.com/transformice/tribe/55889
The Aquarium,2879521,1081414,77767,3143,1157426,348509,400346,57506,https://cheese.formice.com/transformice/tribe/1089600
mint tea and cookies,3485245,1472486,32226,22801,985746,188341,542368,18979,https://cheese.formice.com/transformice/tribe/980106
Abortion Survivors,5574283,1884313,129093,36836,1306420,426847,363555,54626,https://cheese.formice.com/transformice/tribe/1121713
Fate Apocryha,7080634,2042778,123826,27390,1387569,337549,105487,64471,https://cheese.formice.com/transformice/tribe/1052229
freedown,440547,205112,98983,11045,572514,255053,271736,36263,https://cheese.formice.com/transformice/tribe/466983
Ninguem_liga,767224,373122,88340,2765,716661,337934,126116,41787,https://cheese.formice.com/transformice/tribe/1120003
Jakarta Province,1778966,755273,166836,30794,964816,411685,200285,53205,https://cheese.formice.com/transformice/tribe/814728
Fenix-x,4872336,1590509,234231,37771,1264794,407763,202822,71790,https://cheese.formice.com/transformice/tribe/939509
Mysia Osada,6493635,1998680,65265,35099,1250004,336085,234857,46903,https://cheese.formice.com/transformice/tribe/1136804
NO NO NOT MOUSE,1990157,781512,160809,6151,1033543,422335,127814,38419,https://cheese.formice.com/transformice/tribe/1088721
Sirenele din insula Mako,637398,313907,97750,10542,660168,184483,429651,42872,https://cheese.formice.com/transformice/tribe/1135361
EU ACREDITO EM MIM E NADA PODE ME PARAR,5331301,1712291,228149,38217,1249311,420936,224348,67381,https://cheese.formice.com/transformice/tribe/961837
Mice Who Joined This Tribe,2626690,978624,113986,21831,1124852,320387,162161,54323,https://cheese.formice.com/transformice/tribe/920449
Meraki's Real,6966287,2083941,124267,50056,1253029,335524,107048,60847,https://cheese.formice.com/transformice/tribe/1047375
Tekken Furians,7538551,2091450,114686,28420,1422144,420475,230797,49438,https://cheese.formice.com/transformice/tribe/938815
Menace,3187806,1178411,252507,70905,1116204,435271,241079,59337,https://cheese.formice.com/transformice/tribe/465546
Ominous,882262,442469,123223,3773,731701,312112,171960,35993,https://cheese.formice.com/transformice/tribe/992943
Unstalkable,1674006,754260,108807,20225,912375,318278,85294,39449,https://cheese.formice.com/transformice/tribe/477973
The State of Liberty,1622397,650761,146652,12424,960303,362649,63244,43605,https://cheese.formice.com/transformice/tribe/27870
All About 2,1466715,677637,64873,15900,878144,264480,165356,47377,https://cheese.formice.com/transformice/tribe/975553
Metal for jesus,6149764,1839317,219918,39938,1317472,369654,413802,63377,https://cheese.formice.com/transformice/tribe/1046312
TransforBoot 2,5686263,1782322,139004,71210,1251326,336041,9654,47447,https://cheese.formice.com/transformice/tribe/519500
Soufakedenub Youtuber,6154268,1878464,248209,56529,1249749,397128,141973,62386,https://cheese.formice.com/transformice/tribe/938772
Pescador de Ilusoes,1668839,690979,259599,13924,920446,471262,250075,45370,https://cheese.formice.com/transformice/tribe/622911
Lost Love for Cheese,1107117,539784,95270,3207,788951,333309,310513,37279,https://cheese.formice.com/transformice/tribe/486405
Twoj ryj jest jak podroba z aliexpres,6225457,1885330,55567,21243,1209058,295168,410593,44669,https://cheese.formice.com/transformice/tribe/1134609
u pathetic,3998546,1329649,558388,97964,1137216,515846,323835,62055,https://cheese.formice.com/transformice/tribe/1113250
A P O S E N T E I,1363314,457858,171458,12275,944840,517479,235648,51616,https://cheese.formice.com/transformice/tribe/1107080
O Dragao de Erebor,343826,227849,27534,255,481521,350299,47830,22585,https://cheese.formice.com/transformice/tribe/834393
Faccao Carinhosa,1756580,655231,187019,20174,994420,363423,272902,53705,https://cheese.formice.com/transformice/tribe/1103691
Modest Maus,2202593,853716,94931,19425,1038288,359166,374011,47744,https://cheese.formice.com/transformice/tribe/411021
Tenta Acompanhar,4650293,1570564,414522,51194,1091035,364532,366493,71078,https://cheese.formice.com/transformice/tribe/1128694
Christmas Symbols,1084194,461264,68197,11899,820832,164043,178964,41031,https://cheese.formice.com/transformice/tribe/843415
Sit On A Plank,8053739,2047085,217894,78318,1542814,333441,156630,55832,https://cheese.formice.com/transformice/tribe/691260
she's in love with me,4414380,1420727,188662,44261,1253346,292751,509266,70995,https://cheese.formice.com/transformice/tribe/1090653
NASA CORPORATION,6105714,1910009,299979,74324,1126866,463759,136143,61386,https://cheese.formice.com/transformice/tribe/1068713
walking airplane,490897,229050,96526,2276,582747,331240,140085,25983,https://cheese.formice.com/transformice/tribe/801056
Blood of survivors,5410869,1710400,102554,48174,1217418,417477,268735,58057,https://cheese.formice.com/transformice/tribe/1061484
II Cats and Cats II,6168627,1818887,147089,32146,1304231,379003,106537,61120,https://cheese.formice.com/transformice/tribe/1012013
The new three adorable,2336591,1024161,23039,26697,923647,198026,471907,16640,https://cheese.formice.com/transformice/tribe/1042933
HATEBOYSCLVB,1147726,527919,136406,5425,797620,214045,365419,41986,https://cheese.formice.com/transformice/tribe/1039677
evil heavenly,424131,201527,108436,2295,541448,269548,194547,26332,https://cheese.formice.com/transformice/tribe/950972
Os Fodas Do Miice,8690701,2209320,142471,28957,1464411,219400,177,46285,https://cheese.formice.com/transformice/tribe/402492
Something cute,3967198,1295223,155675,31725,1229767,343452,477991,62603,https://cheese.formice.com/transformice/tribe/990671
Cerulean,2350372,922457,148047,15794,1015054,407072,248018,42719,https://cheese.formice.com/transformice/tribe/899908
'Angels Mice',5929460,1729334,164885,30891,1335403,263168,112,47376,https://cheese.formice.com/transformice/tribe/428066
Powers Of Mice,6115209,1824743,116664,17755,1255244,264950,16388,45526,https://cheese.formice.com/transformice/tribe/631897
Closure',2478248,915083,237296,95888,952995,357907,344006,56485,https://cheese.formice.com/transformice/tribe/1139195
Joanpedrosus e pros,7672508,2047427,127493,27682,1385682,190072,118,45337,https://cheese.formice.com/transformice/tribe/374241
fans of Dumbledore,5275871,1675119,73492,18625,1179270,291867,87206,36285,https://cheese.formice.com/transformice/tribe/254242
Night and Light,6358860,1879162,171805,30711,1222967,342266,104723,56933,https://cheese.formice.com/transformice/tribe/1081850
L.E.F.T,4493819,1497193,45021,16,1149485,59977,285,22106,https://cheese.formice.com/transformice/tribe/11420
Howling of The Dm Remnants,5805618,1787643,223489,76753,1162286,371715,228645,54517,https://cheese.formice.com/transformice/tribe/1086940
Go out tonight,6290975,1863526,142789,39439,1213000,310671,235439,47731,https://cheese.formice.com/transformice/tribe/894785
Impure,1969524,804755,149189,18248,941240,462825,180240,43213,https://cheese.formice.com/transformice/tribe/47553
Wake Up and Live,1840951,708959,168282,11521,960207,322693,315101,52900,https://cheese.formice.com/transformice/tribe/647330
The Most Legendary Rats,6456569,1884121,121701,21713,1235440,312387,73613,56567,https://cheese.formice.com/transformice/tribe/999302
Morally Bankrupt,3259089,1164631,65693,10277,1096107,329552,322410,46967,https://cheese.formice.com/transformice/tribe/1076085
$Os Mitos Imortais$,6989346,1899170,120477,25293,1360680,203849,285,38487,https://cheese.formice.com/transformice/tribe/312921
Best Of Mices,6211837,1887977,111193,39202,1126703,236331,169561,46351,https://cheese.formice.com/transformice/tribe/1113316
Bonde dos Coelhos,5827919,1793539,191408,34603,1131530,357125,121599,56836,https://cheese.formice.com/transformice/tribe/833327
I play tennis,52460,21930,748,865,17025,4491,9163,437,https://cheese.formice.com/transformice/tribe/1125290
deixei o ratin pra ser militar,408647,197914,92211,1581,519046,248447,200188,26360,https://cheese.formice.com/transformice/tribe/1142117
Ubiquitous,1626766,697249,99165,722,874377,276568,1178,29742,https://cheese.formice.com/transformice/tribe/81736
V1k1ngs,7360373,2065732,101455,26600,1145957,308256,169149,52094,https://cheese.formice.com/transformice/tribe/1043788
Uuuuu Beybiiiiii,1751080,651455,126553,4506,956178,262904,339583,49434,https://cheese.formice.com/transformice/tribe/409132
so pelo odio,400772,187847,76142,2889,518508,238289,229536,28446,https://cheese.formice.com/transformice/tribe/1131235
biktim biktim biktim,1081475,420630,108067,10101,804006,500202,120131,35569,https://cheese.formice.com/transformice/tribe/396369
Lonely',787849,328384,111326,14608,698149,304274,266781,34160,https://cheese.formice.com/transformice/tribe/642910
Nightingale Reborn,4716446,1653885,77365,66605,940002,308763,189190,34602,https://cheese.formice.com/transformice/tribe/1080982
The Galaxy's,5964478,1761507,80795,18128,1213534,308452,57117,51321,https://cheese.formice.com/transformice/tribe/635207
Santa's Workshop,2732726,1017750,120260,72999,1019905,383003,361894,41207,https://cheese.formice.com/transformice/tribe/1047501
Vcs pensaram que eu n ia rebolar minha bunda hj ne,2456678,855187,150687,12050,1059214,470325,236035,57278,https://cheese.formice.com/transformice/tribe/966585
Kingdom of Time and Space,2001334,823920,47355,5658,918411,228831,406615,23702,https://cheese.formice.com/transformice/tribe/932794
The Undead Ninjas,5168818,1615021,48866,1176,1149028,100960,0,23078,https://cheese.formice.com/transformice/tribe/46683
African Jews V1,8320372,2244902,100428,55437,1142935,317192,318064,43803,https://cheese.formice.com/transformice/tribe/1102818
When the Moon meets the Sun,1654213,685506,102429,10116,881094,407275,232817,41658,https://cheese.formice.com/transformice/tribe/1065962
"Say ""Hey""",1518830,667623,96843,1214,835391,326499,8944,34504,https://cheese.formice.com/transformice/tribe/275924
T E A S E,2738478,918148,195315,46869,1091505,366256,404373,63107,https://cheese.formice.com/transformice/tribe/732419
Hoboes,2166299,905801,41279,19914,902580,188134,533874,24946,https://cheese.formice.com/transformice/tribe/1034128
quem comanda e nos,5823626,1818044,418460,77093,958223,342134,226078,56959,https://cheese.formice.com/transformice/tribe/1124794
Sleeping Eye,1177501,582483,103317,4439,732804,364523,372,23745,https://cheese.formice.com/transformice/tribe/126287
Chef Michel Dumas,489446,215530,74514,9051,562731,258258,217130,27030,https://cheese.formice.com/transformice/tribe/1141095
int,2489142,934654,68863,13682,997931,423599,60236,31862,https://cheese.formice.com/transformice/tribe/244518
Wydojeni,1953828,794441,19381,8596,913376,219909,587046,18829,https://cheese.formice.com/transformice/tribe/1104595
fanfinifinfon,2497062,800406,212878,35019,1079969,381824,381814,59026,https://cheese.formice.com/transformice/tribe/1137500
Os Mestres Dos Mestres,5706777,1713322,126444,20622,1133926,321912,90203,51493,https://cheese.formice.com/transformice/tribe/1014155
Night Club Professional All-Star,6178476,1824214,119129,43231,1113016,214884,107002,43402,https://cheese.formice.com/transformice/tribe/947038
E L E G A N T,5343794,1767702,221762,92097,1070211,248434,518633,50718,https://cheese.formice.com/transformice/tribe/1140617
groove room,649412,285756,98331,118349,622353,161493,151999,34905,https://cheese.formice.com/transformice/tribe/1032277
meu amigo perguntou se vc quer ficar comigo,403037,204360,57211,3738,501807,255746,162018,26645,https://cheese.formice.com/transformice/tribe/1007232
''''YaKuZa''''',5265271,1541737,150494,24527,1215659,286107,79,36100,https://cheese.formice.com/transformice/tribe/298515
The Butt Squad,1435713,677377,12620,1487,772550,159975,459948,13619,https://cheese.formice.com/transformice/tribe/842468
Supercalifragilisticexpialidocious,1466917,663388,76465,10449,794857,211348,44537,32656,https://cheese.formice.com/transformice/tribe/525484
Baka Kawaii,6418646,1808329,112296,27659,1196726,299515,71589,53267,https://cheese.formice.com/transformice/tribe/858047
Patriarcado,1165407,475239,128548,9864,782323,323951,221267,36609,https://cheese.formice.com/transformice/tribe/1127495
Rise Against,710191,316287,114645,4513,637654,366331,178015,31882,https://cheese.formice.com/transformice/tribe/30106
OFF,743760,282993,132816,9024,640936,378939,165738,31788,https://cheese.formice.com/transformice/tribe/444307
allahsiz,1200474,619471,29637,591,700870,194139,415557,13103,https://cheese.formice.com/transformice/tribe/1141753
Asladp,1523633,577810,146951,2180,869428,357967,124,31542,https://cheese.formice.com/transformice/tribe/103629
O Abas,1545046,632095,69430,20213,849798,377674,214613,46033,https://cheese.formice.com/transformice/tribe/900458
Strange places in my head,3660991,1137270,299881,115240,1126135,316015,500851,68856,https://cheese.formice.com/transformice/tribe/1102706
ta tirando,601055,290364,101777,3453,585645,312427,189566,27486,https://cheese.formice.com/transformice/tribe/1140079
Light of Survival LS',4394510,1429062,99776,32800,1070378,319195,320448,54794,https://cheese.formice.com/transformice/tribe/1098122
text me babe,2070974,749725,227457,31288,944737,358144,310264,56583,https://cheese.formice.com/transformice/tribe/1137456
SicknessMice,2400900,999785,34717,27876,862656,239830,169797,18421,https://cheese.formice.com/transformice/tribe/42671
Depressive Coffee uwu,6514738,1925870,113291,23450,1229756,374374,226228,56112,https://cheese.formice.com/transformice/tribe/1123681
o_0,1103491,522901,82578,2163,721178,164007,85,23288,https://cheese.formice.com/transformice/tribe/13407
god bless you',1426170,569566,234013,18617,809168,364110,278535,41432,https://cheese.formice.com/transformice/tribe/1094721
ANCESTRAIS,4266631,1393986,134676,35098,1061273,322180,195534,61267,https://cheese.formice.com/transformice/tribe/1080296
Just Pro',3105911,1115664,155247,36064,989164,375655,160391,55335,https://cheese.formice.com/transformice/tribe/735686
Topfranciiia oficial,5734317,1697287,111734,33447,1118365,268680,82369,52144,https://cheese.formice.com/transformice/tribe/910907
Realesa em Serie,5878377,1701328,104265,16750,1154746,268143,47785,47897,https://cheese.formice.com/transformice/tribe/710330
Odkrywcy,4479992,1403338,63724,10917,1115593,322668,138678,46008,https://cheese.formice.com/transformice/tribe/589739
The Lost Ones,2974980,1030557,112819,6628,1027908,327822,502,33283,https://cheese.formice.com/transformice/tribe/143786
10'12'17,1146432,531373,125136,6731,723822,252220,319502,42478,https://cheese.formice.com/transformice/tribe/1064974
pega na minha umbrella,1947549,692317,168039,9159,942355,443165,14602,39952,https://cheese.formice.com/transformice/tribe/687502
Vanilheirossss do TFM,4431092,1460064,141636,23412,1014420,291517,104892,50525,https://cheese.formice.com/transformice/tribe/1017586
The Call Of The Wild,1846837,839979,83582,23291,780237,241337,233154,23363,https://cheese.formice.com/transformice/tribe/485838
Banned on sight,200645,107267,49419,1558,359720,211564,85404,18732,https://cheese.formice.com/transformice/tribe/1118431
Momzyt YT,4989188,1542528,132336,32608,1080531,330971,214805,51787,https://cheese.formice.com/transformice/tribe/1029141
M-A-G-I-C,4892343,1530132,115383,24577,1068918,336344,204406,54979,https://cheese.formice.com/transformice/tribe/1110994
BLINDOWNS,506485,234832,75334,4138,548117,408166,15988,22473,https://cheese.formice.com/transformice/tribe/754836
BreakStorm',4708966,1532019,136976,44634,984846,343536,145238,49150,https://cheese.formice.com/transformice/tribe/1110195
Divinity ES,961028,395371,116967,8102,716513,382976,236314,41767,https://cheese.formice.com/transformice/tribe/1087598
Valiente,2349257,783344,174469,21275,1010239,539889,182394,43438,https://cheese.formice.com/transformice/tribe/835449
TEAM STT,5515295,1753016,357139,52854,838447,261047,124884,46063,https://cheese.formice.com/transformice/tribe/1098597
Worrying means you suffer twice,824911,344505,79729,7294,677266,422244,142291,33860,https://cheese.formice.com/transformice/tribe/1004083
camino con el flow intacto,322835,83207,41507,4944,58568,18560,19997,3899,https://cheese.formice.com/transformice/tribe/1141291
mishki zhirushki,1452094,726681,23920,11391,704003,151347,421642,17388,https://cheese.formice.com/transformice/tribe/954704
Sen kaybettin,4225640,1261868,180213,21314,1166180,255620,337921,59489,https://cheese.formice.com/transformice/tribe/929070
All powerful,346366,185059,56647,1009,452814,245224,0,16917,https://cheese.formice.com/transformice/tribe/85989
confessions of a dangerous mind,291052,155148,90081,1980,431298,210578,178809,24397,https://cheese.formice.com/transformice/tribe/1115730
Morska Kraina,4330149,1364555,83976,20737,1168885,318788,214766,50744,https://cheese.formice.com/transformice/tribe/818736
Orange Juice,1150892,546787,70759,11464,705519,180673,403022,38997,https://cheese.formice.com/transformice/tribe/672538
Guerreros Z de transformice,6226446,1763803,74670,14611,1099914,286319,63769,46781,https://cheese.formice.com/transformice/tribe/831190
gloryz boyz,889799,397787,194951,6218,647862,343798,189610,30767,https://cheese.formice.com/transformice/tribe/1133296
Rebenga,1941569,697626,174070,42076,908718,430546,227429,43113,https://cheese.formice.com/transformice/tribe/1078296
DOBLO KARIMDAN DAHA GUZEL,2418605,847777,167609,9396,1061559,310437,248781,49458,https://cheese.formice.com/transformice/tribe/1066353
Strength Enabled,191137,91699,42619,1798,348872,256192,31560,18328,https://cheese.formice.com/transformice/tribe/939576
Tribe,1233246,537912,94744,1377,742867,157456,97750,28163,https://cheese.formice.com/transformice/tribe/231
21-10-18 s2,799340,358359,134548,3916,635275,341170,190198,35915,https://cheese.formice.com/transformice/tribe/1110719
Fifth Room,1258985,561403,89372,7230,736332,147621,3521,24269,https://cheese.formice.com/transformice/tribe/861
Medellin Sdvsf,2942721,1038843,232844,52365,941699,487700,109018,47416,https://cheese.formice.com/transformice/tribe/811450
Cookies Paradise,2644437,933980,123671,35867,963197,460251,101109,45803,https://cheese.formice.com/transformice/tribe/573416
Chanels,3698069,1226076,132420,45627,1006500,250377,285729,47119,https://cheese.formice.com/transformice/tribe/970080
northface,186995,84181,42151,11562,345488,213181,105229,19869,https://cheese.formice.com/transformice/tribe/1140156
Hotel Jequitimar,2651862,880293,149708,29943,1008912,401111,206567,43230,https://cheese.formice.com/transformice/tribe/940747
peace keeping forces,2123725,904102,20161,13593,795927,186080,307260,18771,https://cheese.formice.com/transformice/tribe/959465
Goner',2807530,954092,286649,44907,960747,381891,227294,53754,https://cheese.formice.com/transformice/tribe/935195
simplicity is the key to happiness,2338263,852829,164394,11938,955165,411309,211864,55722,https://cheese.formice.com/transformice/tribe/1140462
deportivo la coruna,2592082,820621,171879,10817,1031024,432030,302508,46211,https://cheese.formice.com/transformice/tribe/1124608
mad god,303365,147071,42835,2978,427913,164959,217521,14743,https://cheese.formice.com/transformice/tribe/1116106
Mycity Br,4694063,1532351,106857,28482,911647,248409,171667,46425,https://cheese.formice.com/transformice/tribe/1123533
Weed,713283,365596,110425,10227,582467,306133,122594,31155,https://cheese.formice.com/transformice/tribe/23907
Gingers,786305,333767,102273,2972,641389,374624,67098,28570,https://cheese.formice.com/transformice/tribe/641879
K L Z SURVIVOR,4832050,1704857,164684,27426,794697,303477,241918,39701,https://cheese.formice.com/transformice/tribe/1137751
b a d g u y,114010,71814,41194,13943,265277,122791,100392,11777,https://cheese.formice.com/transformice/tribe/1128471
The Maushaus,1300515,562441,81061,4673,746720,314520,91853,31746,https://cheese.formice.com/transformice/tribe/515675
K y W,5060425,1619349,283915,54440,844230,265256,112058,46458,https://cheese.formice.com/transformice/tribe/779003
Ruske Oltskyl,863160,445558,108324,5826,610044,375113,39031,25629,https://cheese.formice.com/transformice/tribe/1075171
